{"mean": [19.431131679659327, 13.712229584548169, 8.826194909993793, 0.5356921166977033], "scale": [4.153597556105434, 6.208642109433037, 5.339750246683582, 0.49872444576704855]}